{
  "project_info": {
    "project_number": "259117405538",
    "firebase_url": "https://appejercicio-8f7c8-default-rtdb.firebaseio.com",
    "project_id": "appejercicio-8f7c8",
    "storage_bucket": "appejercicio-8f7c8.appspot.com"
  },
  "client": [
    {
      "client_info": {
        "mobilesdk_app_id": "1:259117405538:android:0e2079297e211e75c7c83b",
        "android_client_info": {
          "package_name": "com.example.syncdata"
        }
      },
      "oauth_client": [
        {
          "client_id": "259117405538-9v09m6cvu77qdasmhimd5ggl283cmqk9.apps.googleusercontent.com",
          "client_type": 3
        }
      ],
      "api_key": [
        {
          "current_key": "AIzaSyAP96KAKz_B4NDoCzp4dTSIe5nUuKlWcpw"
        }
      ],
      "services": {
        "appinvite_service": {
          "other_platform_oauth_client": [
            {
              "client_id": "259117405538-9v09m6cvu77qdasmhimd5ggl283cmqk9.apps.googleusercontent.com",
              "client_type": 3
            }
          ]
        }
      }
    }
  ],
  "configuration_version": "1"
}